{"cameraMode":{"drawMode":0,"name":"Shaded","section":"Shading Mode"},"sceneLighting":false,"audioPlay":false,"sceneViewState":{"showFog":true,"showMaterialUpdate":false,"showSkybox":false,"showFlares":true,"showImageEffects":true,"showParticleSystems":true},"in2DMode":false,"pivot":{"x":-0.3222341537475586,"y":10.533149719238282,"z":81.89610290527344},"rotation":{"x":-0.0044915927574038509,"y":-0.05966763570904732,"z":0.0002651811228133738,"w":-0.9982165694236755},"size":57.198307037353519,"orthographic":false}