{"cameraMode":{"drawMode":0,"name":"Shaded","section":"Shading Mode"},"sceneLighting":true,"audioPlay":false,"sceneViewState":{"showFog":true,"showMaterialUpdate":false,"showSkybox":true,"showFlares":true,"showImageEffects":true,"showParticleSystems":true},"in2DMode":false,"pivot":{"x":289.210693359375,"y":510.38800048828127,"z":-47.5745849609375},"rotation":{"x":0.049767009913921359,"y":-0.02846551313996315,"z":0.0014207916101440788,"w":0.9983601570129395},"size":950.11669921875,"orthographic":false}